{
    "tab_n": {
        "Tab 1": {
            "step_1": {
                "input": {
                    "input_from": "Mouse",
                    "input_sleep": "0",
                    "keyboard_ascii": "",
                    "keyboard_repeat": "",
                    "mouse_click_qty": "Three",
                    "mouse_event": "Left",
                    "mouse_movement": "0"
                },
                "position": "280x101"
            },
            "step_2": {
                "data": {
                    "data_cell": "A3",
                    "data_copy_paste": "Paste To",
                    "data_path": "/Users/francorodrigo/Desktop/testpython.xlsx",
                    "data_select_all": false
                },
                "input": {
                    "input_from": "Keyboard",
                    "input_sleep": "0",
                    "keyboard_ascii": "Command + C",
                    "keyboard_repeat": "0",
                    "mouse_click_qty": "",
                    "mouse_event": "",
                    "mouse_movement": ""
                }
            }
        }
    }
}